Player Number,Player First Name,Player Last Name,Hole Number,Round,Total Distance,Actual Side,Course Name,Fwy Width 250,Fwy Width 275,Fwy Width 300,Fwy Width 325,Fwy Width 350
12510,Chad,Campbell,5,1,10633,-5.31099987030029300000,Silverado Resort and Spa North,22.00,23.00,21.00,21.00,21.00
12510,Chad,Campbell,5,2,10502,26.72599983215332000000,Silverado Resort and Spa North,22.00,23.00,21.00,21.00,21.00
12510,Chad,Campbell,5,3,11358,58.10900115966797000000,Silverado Resort and Spa North,22.00,23.00,21.00,21.00,21.00
12510,Chad,Campbell,5,4,9587,-78.40499877929688000000,Silverado Resort and Spa North,22.00,23.00,21.00,21.00,21.00
1249,John,Daly,5,1,10381,24.23200035095215000000,Silverado Resort and Spa North,22.00,23.00,21.00,21.00,21.00
1249,John,Daly,5,3,9137,15.35700035095214800000,Silverado Resort and Spa North,22.00,23.00,21.00,21.00,21.00
1249,John,Daly,5,4,11541,26.77799987792968800000,Silverado Resort and Spa North,22.00,23.00,21.00,21.00,21.00
