Hole Number,Round,Total Distance,Actual Side
5,1,10381,24.23200035095215000000
5,3,9137,15.35700035095214800000
5,4,11541,26.77799987792968800000